Gene_set,Term,Overlap,P-value,Adjusted P-value,Old P-value,Old Adjusted P-value,Odds Ratio,Combined Score,Genes
GO_Biological_Process_2023,Response To Peptide Hormone (GO:0043434),2/55,0.0005680161453256235,0.0568276331592059,0,0,68.38421955403088,511.05993992585104,STAT2;SLC2A1
GO_Biological_Process_2023,Positive Regulation Of Mitotic Cell Cycle Phase Transition (GO:1901992),2/63,0.000744841049273835,0.0568276331592059,0,0,59.39195230998509,427.7610171128168,BRD4;EIF4G1
GO_Biological_Process_2023,Regulation Of G1/S Transition Of Mitotic Cell Cycle (GO:2000045),2/106,0.0020892234242243,0.0568276331592059,0,0,34.76048951048951,214.5056893965526,SMARCA4;EIF4G1
GO_Biological_Process_2023,Regulation Of Wnt Signaling Pathway (GO:0030111),2/109,0.0022073067613513,0.0568276331592059,0,0,33.78079864061173,206.60276206098803,ITGA3;SMARCA4
GO_Biological_Process_2023,Cap-Dependent Translational Initiation (GO:0002191),1/5,0.0032460508750897,0.0568276331592059,0,0,416.3125,2385.6022367218384,EIF4G1
GO_Biological_Process_2023,Regulation Of Protein Depolymerization (GO:1901879),1/5,0.0032460508750897,0.0568276331592059,0,0,416.3125,2385.6022367218384,WDR1
GO_Biological_Process_2023,Phosphatidylinositol Acyl-Chain Remodeling (GO:0036149),1/5,0.0032460508750897,0.0568276331592059,0,0,416.3125,2385.6022367218384,MBOAT7
GO_Biological_Process_2023,L-ascorbic Acid Metabolic Process (GO:0019852),1/5,0.0032460508750897,0.0568276331592059,0,0,416.3125,2385.6022367218384,SLC2A1
GO_Biological_Process_2023,Transmembrane Receptor Protein Tyrosine Phosphatase Signaling Pathway (GO:0007185),1/5,0.0032460508750897,0.0568276331592059,0,0,416.3125,2385.6022367218384,PTPRF
GO_Biological_Process_2023,Regulation Of Translation In Response To Endoplasmic Reticulum Stress (GO:0036490),1/5,0.0032460508750897,0.0568276331592059,0,0,416.3125,2385.6022367218384,EIF4G1
GO_Biological_Process_2023,Positive Regulation Of Translation In Response To Stress (GO:0032056),1/5,0.0032460508750897,0.0568276331592059,0,0,416.3125,2385.6022367218384,EIF4G1
GO_Biological_Process_2023,Positive Regulation Of mRNA Binding (GO:1902416),1/6,0.0038940964853966,0.0568276331592059,0,0,333.03333333333336,1847.7667100463036,EIF4G1
GO_Biological_Process_2023,Regulation Of Cardiac Muscle Hypertrophy In Response To Stress (GO:1903242),1/6,0.0038940964853966,0.0568276331592059,0,0,333.03333333333336,1847.7667100463036,LMNA
GO_Biological_Process_2023,Regulation Of Triglyceride Metabolic Process (GO:0090207),1/7,0.0045417536091676,0.0568276331592059,0,0,277.5138888888889,1497.032601111507,MBOAT7
GO_Biological_Process_2023,Dendritic Spine Maintenance (GO:0097062),1/7,0.0045417536091676,0.0568276331592059,0,0,277.5138888888889,1497.032601111507,ITGA3
GO_Biological_Process_2023,Maintenance Of Apical/Basal Cell Polarity (GO:0035090),1/8,0.0051890223794998,0.0568276331592059,0,0,237.8571428571429,1251.416370420653,WDR1
GO_Biological_Process_2023,Maintenance Of Epithelial Cell Apical/Basal Polarity (GO:0045199),1/8,0.0051890223794998,0.0568276331592059,0,0,237.8571428571429,1251.416370420653,WDR1
GO_Biological_Process_2023,Mesodermal Cell Differentiation (GO:0048333),1/8,0.0051890223794998,0.0568276331592059,0,0,237.8571428571429,1251.416370420653,ITGA3
GO_Biological_Process_2023,Dehydroascorbic Acid Transport (GO:0070837),1/8,0.0051890223794998,0.0568276331592059,0,0,237.8571428571429,1251.416370420653,SLC2A1
GO_Biological_Process_2023,Regulation Of Receptor Binding (GO:1900120),1/9,0.005835902950749,0.0568276331592059,0,0,208.11458333333331,1070.4844511001115,PTPRF
GO_Biological_Process_2023,Protein Localization To Nuclear Envelope (GO:0090435),1/9,0.005835902950749,0.0568276331592059,0,0,208.11458333333331,1070.4844511001115,LMNA
GO_Biological_Process_2023,Negative Regulation Of Receptor Binding (GO:1900121),1/9,0.005835902950749,0.0568276331592059,0,0,208.11458333333331,1070.4844511001115,PTPRF
GO_Biological_Process_2023,Positive Regulation Of Transcription Of Nucleolar Large rRNA By RNA Polymerase I (GO:1901838),1/9,0.005835902950749,0.0568276331592059,0,0,208.11458333333331,1070.4844511001115,SMARCA4
GO_Biological_Process_2023,Long-Chain Fatty Acid Import Into Cell (GO:0044539),1/9,0.005835902950749,0.0568276331592059,0,0,208.11458333333331,1070.4844511001115,SLC2A1
GO_Biological_Process_2023,Actin Filament Depolymerization (GO:0030042),1/10,0.006482395492037,0.0568276331592059,0,0,184.9814814814815,932.059746399125,WDR1
GO_Biological_Process_2023,Regulation Of Actin Filament Depolymerization (GO:0030834),1/11,0.00712850018242,0.0568276331592059,0,0,166.475,822.994869532877,WDR1
GO_Biological_Process_2023,Synaptic Membrane Adhesion (GO:0099560),1/12,0.0077742172076079,0.0568276331592059,0,0,151.33333333333334,735.0172993440868,PTPRF
GO_Biological_Process_2023,Cellular Component Maintenance (GO:0043954),1/12,0.0077742172076079,0.0568276331592059,0,0,151.33333333333334,735.0172993440868,ITGA3
GO_Biological_Process_2023,Fatty Acid Transmembrane Transport (GO:1902001),1/12,0.0077742172076079,0.0568276331592059,0,0,151.33333333333334,735.0172993440868,SLC2A1
GO_Biological_Process_2023,Phosphatidylcholine Acyl-Chain Remodeling (GO:0036151),1/12,0.0077742172076079,0.0568276331592059,0,0,151.33333333333334,735.0172993440868,MBOAT7
GO_Biological_Process_2023,Glucose Import (GO:0046323),1/12,0.0077742172076079,0.0568276331592059,0,0,151.33333333333334,735.0172993440868,SLC2A1
GO_Biological_Process_2023,Negative Regulation Of Cardiac Muscle Hypertrophy (GO:0010614),1/12,0.0077742172076079,0.0568276331592059,0,0,151.33333333333334,735.0172993440868,LMNA
GO_Biological_Process_2023,Regulation Of Response To Stress (GO:0080134),1/13,0.0084195467572216,0.0568276331592059,0,0,138.71527777777777,662.6705253310397,EIF4G1
GO_Biological_Process_2023,Regulation Of Transcription Of Nucleolar Large rRNA By RNA Polymerase I (GO:1901836),1/13,0.0084195467572216,0.0568276331592059,0,0,138.71527777777777,662.6705253310397,SMARCA4
GO_Biological_Process_2023,miRNA-mediated Gene Silencing By Inhibition Of Translation (GO:0035278),1/14,0.0090644890278939,0.0568276331592059,0,0,128.03846153846155,602.2149225510485,EIF4G1
GO_Biological_Process_2023,Negative Regulation Of Peptidyl-Threonine Phosphorylation (GO:0010801),1/14,0.0090644890278939,0.0568276331592059,0,0,128.03846153846155,602.2149225510485,EIF4G1
GO_Biological_Process_2023,Negative Regulation Of Androgen Receptor Signaling Pathway (GO:0060766),1/14,0.0090644890278939,0.0568276331592059,0,0,128.03846153846155,602.2149225510485,SMARCA4
GO_Biological_Process_2023,Regulation Of Cell Growth (GO:0001558),2/227,0.0092126023776958,0.0568276331592059,0,0,15.96929292929293,74.85099688088142,SMARCA4;EIF4G1
GO_Biological_Process_2023,Renal Filtration (GO:0097205),1/15,0.0097090442156726,0.0568276331592059,0,0,118.88690476190476,551.0048324972125,ITGA3
GO_Biological_Process_2023,Regulation Of miRNA-mediated Gene Silencing (GO:0060964),1/15,0.0097090442156726,0.0568276331592059,0,0,118.88690476190476,551.0048324972125,EIF4G1
GO_Biological_Process_2023,Negative Regulation Of Type I Interferon-Mediated Signaling Pathway (GO:0060339),1/15,0.0097090442156726,0.0568276331592059,0,0,118.88690476190476,551.0048324972125,STAT2
GO_Biological_Process_2023,Regulation Of Presynapse Assembly (GO:1905606),1/16,0.0103532125188836,0.0568276331592059,0,0,110.95555555555556,507.11775303850175,EIF4G1
GO_Biological_Process_2023,Regulation Of Presynapse Organization (GO:0099174),1/16,0.0103532125188836,0.0568276331592059,0,0,110.95555555555556,507.11775303850175,EIF4G1
GO_Biological_Process_2023,Positive Regulation By Host Of Viral Transcription (GO:0043923),1/16,0.0103532125188836,0.0568276331592059,0,0,110.95555555555556,507.11775303850175,SMARCA4
GO_Biological_Process_2023,Nuclear Migration (GO:0007097),1/16,0.0103532125188836,0.0568276331592059,0,0,110.95555555555556,507.11775303850175,LMNA
GO_Biological_Process_2023,Negative Regulation Of Rho Protein Signal Transduction (GO:0035024),1/17,0.0109969941425308,0.0577927138979812,0,0,104.015625,469.12433437564215,ITGA3
GO_Biological_Process_2023,Nuclear Envelope Organization (GO:0006998),1/17,0.0109969941425308,0.0577927138979812,0,0,104.015625,469.12433437564215,LMNA
GO_Biological_Process_2023,Nucleosome Disassembly (GO:0006337),1/18,0.011640389286531,0.0583461412364062,0,0,97.8921568627451,435.94063546940737,SMARCA4
GO_Biological_Process_2023,Regulation Of Cell Population Proliferation (GO:0042127),3/766,0.0120047629579489,0.0583461412364062,0,0,7.558584534731324,33.42747574162583,STAT2;LMNA;SMARCA4
GO_Biological_Process_2023,Regulation Of Cellular Response To Growth Factor Stimulus (GO:0090287),1/19,0.0122833981550328,0.0583461412364062,0,0,92.44907407407408,406.7303181925871,ITGA3
GO_Biological_Process_2023,N-glycan Processing (GO:0006491),1/19,0.0122833981550328,0.0583461412364062,0,0,92.44907407407408,406.7303181925871,GANAB
GO_Biological_Process_2023,Regulation Of Transcription Involved In G1/S Transition Of Mitotic Cell Cycle (GO:0000083),1/19,0.0122833981550328,0.0583461412364062,0,0,92.44907407407408,406.7303181925871,BRD4
GO_Biological_Process_2023,Mesoderm Formation (GO:0001707),1/20,0.0129260209528938,0.0591245773215701,0,0,87.57894736842105,380.8381798737429,ITGA3
GO_Biological_Process_2023,protein-DNA Complex Disassembly (GO:0032986),1/20,0.0129260209528938,0.0591245773215701,0,0,87.57894736842105,380.8381798737429,SMARCA4
GO_Biological_Process_2023,Glucose Transmembrane Transport (GO:1904659),1/22,0.0142101091631312,0.0626767314873824,0,0,79.23015873015873,337.0293803138913,SLC2A1
GO_Biological_Process_2023,Hexose Transmembrane Transport (GO:0008645),1/22,0.0142101091631312,0.0626767314873824,0,0,79.23015873015873,337.0293803138913,SLC2A1
GO_Biological_Process_2023,Regulation Of Cellular Response To Transforming Growth Factor Beta Stimulus (GO:1903844),1/23,0.0148515749863377,0.0634733725216365,0,0,75.625,318.3547328251434,ITGA3
GO_Biological_Process_2023,Positive Regulation Of Cell Cycle G2/M Phase Transition (GO:1902751),1/24,0.0154926555661662,0.0634733725216365,0,0,72.33333333333333,301.441152263015,BRD4
GO_Biological_Process_2023,miRNA-mediated Gene Silencing (GO:0035195),1/26,0.0167736618234459,0.0634733725216365,0,0,66.54,272.01188501169923,EIF4G1
GO_Biological_Process_2023,Dendritic Spine Organization (GO:0097061),1/26,0.0167736618234459,0.0634733725216365,0,0,66.54,272.01188501169923,ITGA3
GO_Biological_Process_2023,Regulation Of Nucleotide-Excision Repair (GO:2000819),1/26,0.0167736618234459,0.0634733725216365,0,0,66.54,272.01188501169923,SMARCA4
GO_Biological_Process_2023,Respiratory Tube Development (GO:0030323),1/27,0.0174135879176465,0.0634733725216365,0,0,63.9775641025641,259.14140891073174,ITGA3
GO_Biological_Process_2023,Regulation Of Mitochondrial Fission (GO:0090140),1/27,0.0174135879176465,0.0634733725216365,0,0,63.9775641025641,259.14140891073174,STAT2
GO_Biological_Process_2023,Regulation Of Actin Polymerization Or Depolymerization (GO:0008064),1/27,0.0174135879176465,0.0634733725216365,0,0,63.9775641025641,259.14140891073174,WDR1
GO_Biological_Process_2023,Regulation Of Androgen Receptor Signaling Pathway (GO:0060765),1/27,0.0174135879176465,0.0634733725216365,0,0,63.9775641025641,259.14140891073174,SMARCA4
GO_Biological_Process_2023,Protein Depolymerization (GO:0051261),1/28,0.0180531296002428,0.0634733725216365,0,0,61.60493827160494,247.30909578576168,WDR1
GO_Biological_Process_2023,Peptidyl-Tyrosine Dephosphorylation (GO:0035335),1/29,0.0186922870807393,0.0634733725216365,0,0,59.40178571428572,236.3979776770167,PTPRF
GO_Biological_Process_2023,Sarcomere Organization (GO:0045214),1/29,0.0186922870807393,0.0634733725216365,0,0,59.40178571428572,236.3979776770167,WDR1
GO_Biological_Process_2023,Cytoplasmic Translational Initiation (GO:0002183),1/30,0.0193310605643026,0.0634733725216365,0,0,57.35057471264368,226.30778348154325,EIF4G1
GO_Biological_Process_2023,Negative Regulation Of Intracellular Steroid Hormone Receptor Signaling Pathway (GO:0033144),1/31,0.0199694502608653,0.0634733725216365,0,0,55.43611111111111,216.95208467294643,SMARCA4
GO_Biological_Process_2023,Regulation Of Transmembrane Receptor Protein Serine/Threonine Kinase Signaling Pathway (GO:0090092),1/31,0.0199694502608653,0.0634733725216365,0,0,55.43611111111111,216.95208467294643,ITGA3
GO_Biological_Process_2023,Positive Regulation Of G1/S Transition Of Mitotic Cell Cycle (GO:1900087),1/31,0.0199694502608653,0.0634733725216365,0,0,55.43611111111111,216.95208467294643,EIF4G1
GO_Biological_Process_2023,Receptor Signaling Pathway Via STAT (GO:0097696),1/31,0.0199694502608653,0.0634733725216365,0,0,55.43611111111111,216.95208467294643,STAT2
GO_Biological_Process_2023,Heterochromatin Formation (GO:0031507),1/32,0.0206074563833083,0.0634733725216365,0,0,53.64516129032258,208.25600447555712,LMNA
GO_Biological_Process_2023,Respiratory System Development (GO:0060541),1/32,0.0206074563833083,0.0634733725216365,0,0,53.64516129032258,208.25600447555712,ITGA3
GO_Biological_Process_2023,Regulation Of Metaphase/Anaphase Transition Of Cell Cycle (GO:1902099),1/32,0.0206074563833083,0.0634733725216365,0,0,53.64516129032258,208.25600447555712,SMARCA4
GO_Biological_Process_2023,Positive Regulation Of Transcription By RNA Polymerase II (GO:0045944),3/938,0.0206658436185794,0.0634733725216365,0,0,6.1129411764705885,23.71376770724243,STAT2;BRD4;SMARCA4
GO_Biological_Process_2023,Carboxylic Acid Metabolic Process (GO:0019752),1/33,0.0212450791356283,0.0634733725216365,0,0,51.966145833333336,200.1543652635479,SLC2A1
GO_Biological_Process_2023,Positive Regulation Of Nitrogen Compound Metabolic Process (GO:0051173),1/33,0.0212450791356283,0.0634733725216365,0,0,51.966145833333336,200.1543652635479,EIF4G1
GO_Biological_Process_2023,Regulation Of Type I Interferon-Mediated Signaling Pathway (GO:0060338),1/33,0.0212450791356283,0.0634733725216365,0,0,51.966145833333336,200.1543652635479,STAT2
GO_Biological_Process_2023,Regulation Of G0 To G1 Transition (GO:0070316),1/33,0.0212450791356283,0.0634733725216365,0,0,51.966145833333336,200.1543652635479,SMARCA4
GO_Biological_Process_2023,Lung Development (GO:0030324),1/33,0.0212450791356283,0.0634733725216365,0,0,51.966145833333336,200.1543652635479,ITGA3
GO_Biological_Process_2023,Transcription Initiation-Coupled Chromatin Remodeling (GO:0045815),1/34,0.0218823187292358,0.0634733725216365,0,0,50.388888888888886,192.59017962885017,SMARCA4
GO_Biological_Process_2023,Negative Regulation Of Ras Protein Signal Transduction (GO:0046580),1/34,0.0218823187292358,0.0634733725216365,0,0,50.388888888888886,192.59017962885017,ITGA3
GO_Biological_Process_2023,Positive Regulation Of Transcription By RNA Polymerase I (GO:0045943),1/34,0.0218823187292358,0.0634733725216365,0,0,50.388888888888886,192.59017962885017,SMARCA4
GO_Biological_Process_2023,Regulation Of G2/M Transition Of Mitotic Cell Cycle (GO:0010389),1/35,0.0225191753740633,0.0634733725216365,0,0,48.90441176470589,185.51341332613868,BRD4
GO_Biological_Process_2023,Response To Nutrient Levels (GO:0031667),1/35,0.0225191753740633,0.0634733725216365,0,0,48.90441176470589,185.51341332613868,EIF4G1
GO_Biological_Process_2023,Receptor Signaling Pathway Via JAK-STAT (GO:0007259),1/36,0.0231556492787795,0.0634733725216365,0,0,47.50476190476191,178.87996472866277,STAT2
GO_Biological_Process_2023,Regulation Of Peptidyl-Threonine Phosphorylation (GO:0010799),1/36,0.0231556492787795,0.0634733725216365,0,0,47.50476190476191,178.87996472866277,EIF4G1
GO_Biological_Process_2023,Type I Interferon-Mediated Signaling Pathway (GO:0060337),1/37,0.0237917406507484,0.0634733725216365,0,0,46.18287037037037,172.65081800368927,STAT2
GO_Biological_Process_2023,Positive Regulation Of Myoblast Differentiation (GO:0045663),1/38,0.0244274496995066,0.0634733725216365,0,0,44.93243243243244,166.7913365695687,SMARCA4
GO_Biological_Process_2023,Cellular Response To Type I Interferon (GO:0071357),1/38,0.0244274496995066,0.0634733725216365,0,0,44.93243243243244,166.7913365695687,STAT2
GO_Biological_Process_2023,Response To Peptide (GO:1901652),1/38,0.0244274496995066,0.0634733725216365,0,0,44.93243243243244,166.7913365695687,STAT2
GO_Biological_Process_2023,Positive Regulation Of Lymphocyte Differentiation (GO:0045621),1/39,0.0250627766358881,0.0634733725216365,0,0,43.74780701754386,161.27067055781572,SMARCA4
GO_Biological_Process_2023,Heterochromatin Organization (GO:0070828),1/39,0.0250627766358881,0.0634733725216365,0,0,43.74780701754386,161.27067055781572,LMNA
GO_Biological_Process_2023,Vitamin Transport (GO:0051180),1/39,0.0250627766358881,0.0634733725216365,0,0,43.74780701754386,161.27067055781572,SLC2A1
GO_Biological_Process_2023,Establishment Or Maintenance Of Epithelial Cell Apical/Basal Polarity (GO:0045197),1/40,0.0256977216686787,0.0634733725216365,0,0,42.623931623931625,156.0612574523752,WDR1
GO_Biological_Process_2023,Water-Soluble Vitamin Metabolic Process (GO:0006767),1/40,0.0256977216686787,0.0634733725216365,0,0,42.623931623931625,156.0612574523752,SLC2A1
GO_Biological_Process_2023,Positive Regulation Of Cell Cycle G1/S Phase Transition (GO:1902808),1/40,0.0256977216686787,0.0634733725216365,0,0,42.623931623931625,156.0612574523752,EIF4G1
GO_Biological_Process_2023,Positive Regulation Of Stem Cell Population Maintenance (GO:1902459),1/40,0.0256977216686787,0.0634733725216365,0,0,42.623931623931625,156.0612574523752,SMARCA4
GO_Biological_Process_2023,Modulation By Host Of Symbiont Process (GO:0051851),1/42,0.0269664668566584,0.0653011501332806,0,0,40.540650406504064,146.47990317146446,SMARCA4
GO_Biological_Process_2023,Lipid Modification (GO:0030258),1/42,0.0269664668566584,0.0653011501332806,0,0,40.540650406504064,146.47990317146446,MBOAT7
GO_Biological_Process_2023,Positive Regulation Of miRNA Transcription (GO:1902895),1/43,0.027600267431624,0.0661870490836032,0,0,39.573412698412696,142.06577419675818,SMARCA4
GO_Biological_Process_2023,Nucleus Organization (GO:0006997),1/44,0.0282336869398409,0.0670550064821221,0,0,38.65116279069768,137.87795237211324,LMNA
GO_Biological_Process_2023,Regulation Of Cellular Metabolic Process (GO:0031323),1/45,0.0288667255850808,0.0672649171652356,0,0,37.770833333333336,133.90008612704145,MBOAT7
GO_Biological_Process_2023,Regulation Of Protein Modification Process (GO:0031399),1/45,0.0288667255850808,0.0672649171652356,0,0,37.770833333333336,133.90008612704145,STAT2
GO_Biological_Process_2023,Myofibril Assembly (GO:0030239),1/46,0.0294993835815373,0.0680967078938291,0,0,36.92962962962963,130.1173367501014,WDR1
GO_Biological_Process_2023,Regulation Of DNA-templated Transcription (GO:0006355),4/1922,0.029959481930336,0.0682800027594991,0,0,4.18700034758429,14.687617929546784,STAT2;NSD2;BRD4;SMARCA4
GO_Biological_Process_2023,Regulation Of T Cell Differentiation (GO:0045580),1/47,0.030131661136783,0.0682800027594991,0,0,36.125,126.5162089708299,SMARCA4
GO_Biological_Process_2023,Positive Regulation Of miRNA Metabolic Process (GO:2000630),1/49,0.0313950757631915,0.0683582361650793,0,0,34.61631944444444,119.81068935137382,SMARCA4
GO_Biological_Process_2023,Interferon-Mediated Signaling Pathway (GO:0140888),1/49,0.0313950757631915,0.0683582361650793,0,0,34.61631944444444,119.81068935137382,STAT2
GO_Biological_Process_2023,Regulation Of Mitotic Metaphase/Anaphase Transition (GO:0030071),1/49,0.0313950757631915,0.0683582361650793,0,0,34.61631944444444,119.81068935137382,SMARCA4
GO_Biological_Process_2023,Regulation Of Mitochondrion Organization (GO:0010821),1/50,0.032026213248763,0.0683582361650793,0,0,33.90816326530612,116.6847899929619,STAT2
GO_Biological_Process_2023,Positive Regulation Of Cell Death (GO:0010942),1/50,0.032026213248763,0.0683582361650793,0,0,33.90816326530612,116.6847899929619,EIF4G1
GO_Biological_Process_2023,"Negative Regulation Of Gene Expression, Epigenetic (GO:0045814)",1/51,0.0326569711233982,0.0683582361650793,0,0,33.22833333333333,113.69728633442386,LMNA
GO_Biological_Process_2023,Regulation Of Synapse Assembly (GO:0051963),1/51,0.0326569711233982,0.0683582361650793,0,0,33.22833333333333,113.69728633442386,EIF4G1
GO_Biological_Process_2023,Positive Regulation Of Protein Localization To Cell Periphery (GO:1904377),1/51,0.0326569711233982,0.0683582361650793,0,0,33.22833333333333,113.69728633442386,ITGA3
GO_Biological_Process_2023,Positive Regulation Of Protein Localization To Plasma Membrane (GO:1903078),1/51,0.0326569711233982,0.0683582361650793,0,0,33.22833333333333,113.69728633442386,ITGA3
GO_Biological_Process_2023,Negative Regulation Of Innate Immune Response (GO:0045824),1/52,0.0332873496068505,0.0688153338293592,0,0,32.57516339869281,110.83952930563026,STAT2
GO_Biological_Process_2023,Glycoprotein Metabolic Process (GO:0009100),1/53,0.0339173488988434,0.0688153338293592,0,0,31.947115384615383,108.10356363888964,GANAB
GO_Biological_Process_2023,Actin Polymerization Or Depolymerization (GO:0008154),1/53,0.0339173488988434,0.0688153338293592,0,0,31.947115384615383,108.10356363888964,WDR1
GO_Biological_Process_2023,Regulation Of Lipid Metabolic Process (GO:0019216),1/54,0.0345469692098807,0.0688153338293592,0,0,31.342767295597483,105.4820602978719,MBOAT7
GO_Biological_Process_2023,Apical Junction Assembly (GO:0043297),1/54,0.0345469692098807,0.0688153338293592,0,0,31.342767295597483,105.4820602978719,WDR1
GO_Biological_Process_2023,Regulation Of Myoblast Differentiation (GO:0045661),1/54,0.0345469692098807,0.0688153338293592,0,0,31.342767295597483,105.4820602978719,SMARCA4
GO_Biological_Process_2023,Phosphatidylcholine Metabolic Process (GO:0046470),1/55,0.0351762107497116,0.0695081924414301,0,0,30.760802469135804,102.96825664265003,MBOAT7
GO_Biological_Process_2023,Regulation Of Stem Cell Population Maintenance (GO:2000036),1/56,0.0358050737240217,0.0696366394475069,0,0,30.2,100.5559032787779,SMARCA4
GO_Biological_Process_2023,"Positive Regulation Of DNA-templated Transcription, Elongation (GO:0032786)",1/56,0.0358050737240217,0.0696366394475069,0,0,30.2,100.5559032787779,BRD4
GO_Biological_Process_2023,Regulation Of Neuron Death (GO:1901214),1/58,0.0370616648121668,0.0710632072948433,0,0,29.1374269005848,96.0128372683442,EIF4G1
GO_Biological_Process_2023,Regulation Of miRNA Transcription (GO:1902893),1/59,0.0376893933426092,0.0710632072948433,0,0,28.63362068965517,93.87179112052809,SMARCA4
GO_Biological_Process_2023,Regulation Of Cell Death (GO:0010941),1/59,0.0376893933426092,0.0710632072948433,0,0,28.63362068965517,93.87179112052809,EIF4G1
GO_Biological_Process_2023,Negative Regulation Of Cytokine-Mediated Signaling Pathway (GO:0001960),1/59,0.0376893933426092,0.0710632072948433,0,0,28.63362068965517,93.87179112052809,STAT2
GO_Biological_Process_2023,Negative Regulation Of Autophagy (GO:0010507),1/61,0.0389437174197565,0.0728719560809081,0,0,27.676388888888887,89.82753445091376,EIF4G1
GO_Biological_Process_2023,G1/S Transition Of Mitotic Cell Cycle (GO:0000082),1/63,0.040196532223731,0.074093607904937,0,0,26.780913978494624,86.07317595715509,BRD4
GO_Biological_Process_2023,Phosphatidylinositol Metabolic Process (GO:0046488),1/63,0.040196532223731,0.074093607904937,0,0,26.780913978494624,86.07317595715509,MBOAT7
GO_Biological_Process_2023,Positive Regulation Of T Cell Differentiation (GO:0045582),1/64,0.040822374174892,0.0741406354499877,0,0,26.354497354497354,84.29551762933323,SMARCA4
GO_Biological_Process_2023,Negative Regulation Of Cell Death (GO:0060548),1/64,0.040822374174892,0.0741406354499877,0,0,26.354497354497354,84.29551762933323,EIF4G1
GO_Biological_Process_2023,Regulation Of Translational Initiation (GO:0006446),1/65,0.0414478394284331,0.0747271265607517,0,0,25.94140625,82.57978498333833,EIF4G1
GO_Biological_Process_2023,Negative Regulation Of Cellular Catabolic Process (GO:0031330),1/67,0.0426976406866875,0.0761568932124484,0,0,25.15277777777778,79.3220921121178,EIF4G1
GO_Biological_Process_2023,Positive Regulation Of DNA-templated Transcription (GO:0045893),3/1243,0.0428575229009325,0.0761568932124484,0,0,4.535564516129032,14.28645713352108,STAT2;BRD4;SMARCA4
GO_Biological_Process_2023,Skin Development (GO:0043588),1/68,0.0433219771034119,0.0764323453181624,0,0,24.776119402985078,77.77459794803441,ITGA3
GO_Biological_Process_2023,Cell-Cell Junction Assembly (GO:0007043),1/71,0.0451927319981768,0.0785629607220668,0,0,23.710714285714285,73.42779054088277,WDR1
GO_Biological_Process_2023,Negative Regulation Of Protein Binding (GO:0032091),1/71,0.0451927319981768,0.0785629607220668,0,0,23.710714285714285,73.42779054088277,PTPRF
GO_Biological_Process_2023,Cellular Response To Hypoxia (GO:0071456),1/72,0.0458155662055763,0.0785629607220668,0,0,23.37558685446009,72.0700051727417,LMNA
GO_Biological_Process_2023,Negative Regulation Of Cellular Process (GO:0048523),2/537,0.0461530526974834,0.0785629607220668,0,0,6.610705182667799,20.333155258396275,LMNA;SMARCA4
GO_Biological_Process_2023,Cellular Response To Decreased Oxygen Levels (GO:0036294),1/73,0.04643802536608,0.0785629607220668,0,0,23.04976851851852,70.7544140609547,LMNA
GO_Biological_Process_2023,Regulation Of Rho Protein Signal Transduction (GO:0035023),1/73,0.04643802536608,0.0785629607220668,0,0,23.04976851851852,70.7544140609547,ITGA3
GO_Biological_Process_2023,Regulation Of Cell Cycle G1/S Phase Transition (GO:1902806),1/74,0.0470601097064945,0.0790430160852412,0,0,22.732876712328768,69.47916318158998,SMARCA4
GO_Biological_Process_2023,Regulation Of BMP Signaling Pathway (GO:0030510),1/75,0.0476818194198418,0.0790430160852412,0,0,22.42454954954955,68.2425035090917,ITGA3
GO_Biological_Process_2023,Nucleosome Organization (GO:0034728),1/75,0.0476818194198418,0.0790430160852412,0,0,22.42454954954955,68.2425035090917,SMARCA4
GO_Biological_Process_2023,Actomyosin Structure Organization (GO:0031032),1/77,0.0489241158050175,0.0804593136002465,0,0,21.832236842105264,65.87844365768125,WDR1
GO_Biological_Process_2023,Positive Regulation Of Nucleic Acid-Templated Transcription (GO:1903508),2/557,0.0492974416619117,0.0804593136002465,0,0,6.365929565929566,19.16070376883968,BRD4;SMARCA4
GO_Biological_Process_2023,Cellular Response To Nutrient Levels (GO:0031669),1/78,0.0495447028828492,0.0804593136002465,0,0,21.547619047619047,64.74800798109044,EIF4G1
GO_Biological_Process_2023,Positive Regulation Of Protein Localization To Membrane (GO:1905477),1/79,0.0501649161718136,0.0804593136002465,0,0,21.270299145299145,63.650080736899376,ITGA3
GO_Biological_Process_2023,Response To Insulin (GO:0032868),1/79,0.0501649161718136,0.0804593136002465,0,0,21.270299145299145,63.650080736899376,SLC2A1
GO_Biological_Process_2023,Regulation Of Protein Localization To Plasma Membrane (GO:1903076),1/80,0.0507847558615241,0.0809279657922352,0,0,21.0,62.58334006884147,ITGA3
GO_Biological_Process_2023,Positive Regulation Of Growth (GO:0045927),1/81,0.0514042221710775,0.0813900184375394,0,0,20.73645833333333,61.54653341446361,EIF4G1
GO_Biological_Process_2023,Regulation Of Phosphorylation (GO:0042325),1/82,0.0520233153027185,0.0817772500466515,0,0,20.47942386831276,60.53847309097546,STAT2
GO_Biological_Process_2023,Epigenetic Regulation Of Gene Expression (GO:0040029),1/83,0.0526420354551319,0.0817772500466515,0,0,20.228658536585368,59.55803218916631,SMARCA4
GO_Biological_Process_2023,Vascular Transport (GO:0010232),1/83,0.0526420354551319,0.0817772500466515,0,0,20.228658536585368,59.55803218916631,SLC2A1
GO_Biological_Process_2023,Positive Regulation Of Double-Strand Break Repair (GO:2000781),1/84,0.0532603828402292,0.0818682015050246,0,0,19.983935742971887,58.60414077176453,SMARCA4
GO_Biological_Process_2023,Transport Across Blood-Brain Barrier (GO:0150104),1/85,0.0538783576585865,0.0818682015050246,0,0,19.745039682539684,57.67578236677708,SLC2A1
GO_Biological_Process_2023,Integrin-Mediated Signaling Pathway (GO:0007229),1/85,0.0538783576585865,0.0818682015050246,0,0,19.745039682539684,57.67578236677708,ITGA3
GO_Biological_Process_2023,Regulation Of Mitotic Cell Cycle Phase Transition (GO:1901990),1/86,0.0544959601278673,0.0818682015050246,0,0,19.511764705882356,56.77199069596926,SMARCA4
GO_Biological_Process_2023,Positive Regulation Of Cellular Process (GO:0048522),2/594,0.0553195827974387,0.0818682015050246,0,0,5.956695331695332,17.242418964023603,SMARCA4;EIF4G1
GO_Biological_Process_2023,Regulation Of Double-Strand Break Repair (GO:2000779),1/88,0.0557300488159362,0.0818682015050246,0,0,19.061302681992338,55.03447552600268,SMARCA4
GO_Biological_Process_2023,Negative Regulation Of Neuron Death (GO:1901215),1/88,0.0557300488159362,0.0818682015050246,0,0,19.061302681992338,55.03447552600268,EIF4G1
GO_Biological_Process_2023,Organic Anion Transport (GO:0015711),1/89,0.0563465354488023,0.0818682015050246,0,0,18.84375,54.19904429476309,SLC2A1
GO_Biological_Process_2023,Positive Regulation Of DNA Repair (GO:0045739),1/89,0.0563465354488023,0.0818682015050246,0,0,18.84375,54.19904429476309,SMARCA4
GO_Biological_Process_2023,Positive Regulation Of Peptidyl-Serine Phosphorylation (GO:0033138),1/89,0.0563465354488023,0.0818682015050246,0,0,18.84375,54.19904429476309,EIF4G1
GO_Biological_Process_2023,Sensory Perception Of Mechanical Stimulus (GO:0050954),1/89,0.0563465354488023,0.0818682015050246,0,0,18.84375,54.19904429476309,WDR1
GO_Biological_Process_2023,Sensory Perception Of Sound (GO:0007605),1/92,0.0581937669386946,0.0840576633558922,0,0,18.21978021978022,51.81663638666002,WDR1
GO_Biological_Process_2023,Regulation Of Peptidyl-Serine Phosphorylation (GO:0033135),1/93,0.0588087686569903,0.0844521270830035,0,0,18.02083333333333,51.06138805719774,EIF4G1
GO_Biological_Process_2023,Regulation Of Protein Metabolic Process (GO:0051246),1/96,0.0606515503312197,0.0863498332604112,0,0,17.449122807017545,48.903087500760165,EIF4G1
GO_Biological_Process_2023,Regulation Of Defense Response (GO:0031347),1/97,0.0612650704056327,0.0863498332604112,0,0,17.266493055555557,48.2174659702364,BRD4
GO_Biological_Process_2023,Phosphatidylinositol Biosynthetic Process (GO:0006661),1/98,0.0618782205955173,0.0863498332604112,0,0,17.087628865979383,47.54781410425205,MBOAT7
GO_Biological_Process_2023,Positive Regulation Of Protein-Containing Complex Assembly (GO:0031334),1/98,0.0618782205955173,0.0863498332604112,0,0,17.087628865979383,47.54781410425205,EIF4G1
GO_Biological_Process_2023,Positive Regulation Of Cold-Induced Thermogenesis (GO:0120162),1/98,0.0618782205955173,0.0863498332604112,0,0,17.087628865979383,47.54781410425205,SMARCA4
GO_Biological_Process_2023,Positive Regulation Of Cell Growth (GO:0030307),1/106,0.066770130249167,0.0910958810731965,0,0,15.77936507936508,42.70684291496826,EIF4G1
GO_Biological_Process_2023,Regulation Of Cellular Response To Stress (GO:0080135),1/107,0.0673799605392181,0.0910958810731965,0,0,15.629716981132075,42.15971778727455,EIF4G1
GO_Biological_Process_2023,Positive Regulation Of T Cell Activation (GO:0050870),1/107,0.0673799605392181,0.0910958810731965,0,0,15.629716981132075,42.15971778727455,SMARCA4
GO_Biological_Process_2023,Negative Regulation Of Translation (GO:0017148),1/107,0.0673799605392181,0.0910958810731965,0,0,15.629716981132075,42.15971778727455,EIF4G1
GO_Biological_Process_2023,Positive Regulation Of Metabolic Process (GO:0009893),1/108,0.0679894229711755,0.0910958810731965,0,0,15.482866043613708,41.62418553992519,SMARCA4
GO_Biological_Process_2023,Glycerophospholipid Biosynthetic Process (GO:0046474),1/108,0.0679894229711755,0.0910958810731965,0,0,15.482866043613708,41.62418553992519,MBOAT7
GO_Biological_Process_2023,Negative Regulation Of Developmental Process (GO:0051093),1/109,0.068598517731233,0.0910958810731965,0,0,15.338734567901234,41.09989925264156,SMARCA4
GO_Biological_Process_2023,Cell-Matrix Adhesion (GO:0007160),1/109,0.068598517731233,0.0910958810731965,0,0,15.338734567901234,41.09989925264156,ITGA3
GO_Biological_Process_2023,Positive Regulation Of Wnt Signaling Pathway (GO:0030177),1/109,0.068598517731233,0.0910958810731965,0,0,15.338734567901234,41.09989925264156,SMARCA4
GO_Biological_Process_2023,Regulation Of Transforming Growth Factor Beta Receptor Signaling Pathway (GO:0017015),1/111,0.069815605123331,0.0922163340399078,0,0,15.058333333333334,40.08374324378988,ITGA3
GO_Biological_Process_2023,Protein Localization To Nucleus (GO:0034504),1/122,0.0764833854144393,0.0999461810737443,0,0,13.681818181818182,35.17160025020979,LMNA
GO_Biological_Process_2023,Regulation Of Cell Motility (GO:2000145),1/123,0.0770873542947081,0.0999461810737443,0,0,13.568989071038253,34.77482268580042,LMNA
GO_Biological_Process_2023,Protein Dephosphorylation (GO:0006470),1/124,0.0776909585674449,0.0999461810737443,0,0,13.4579945799458,34.3853967516103,PTPRF
GO_Biological_Process_2023,Negative Regulation Of Growth (GO:0045926),1/124,0.0776909585674449,0.0999461810737443,0,0,13.4579945799458,34.3853967516103,SMARCA4
GO_Biological_Process_2023,Enzyme-Linked Receptor Protein Signaling Pathway (GO:0007167),1/124,0.0776909585674449,0.0999461810737443,0,0,13.4579945799458,34.3853967516103,PTPRF
GO_Biological_Process_2023,Negative Regulation Of Cell Growth (GO:0030308),1/125,0.0782941984154646,0.1001857023290992,0,0,13.348790322580646,34.003130280859715,SMARCA4
GO_Biological_Process_2023,Protein-Containing Complex Organization (GO:0043933),1/126,0.0788970740354205,0.1001857023290992,0,0,13.241333333333332,33.62783759261686,SLC2A1
GO_Biological_Process_2023,Regulation Of Response To External Stimulus (GO:0032101),1/127,0.0794995856538601,0.1001857023290992,0,0,13.135582010582011,33.25933922123504,BRD4
GO_Biological_Process_2023,Regulation Of Anatomical Structure Morphogenesis (GO:0022603),1/127,0.0794995856538601,0.1001857023290992,0,0,13.135582010582011,33.25933922123504,STAT2
GO_Biological_Process_2023,Regulation Of DNA Repair (GO:0006282),1/129,0.0807035176543198,0.1011866439625229,0,0,12.929036458333334,32.54203717343626,SMARCA4
GO_Biological_Process_2023,Regulation Of Cell Cycle Process (GO:0010564),1/130,0.0813049384468739,0.101425857557464,0,0,12.828165374677004,32.19290344020333,SMARCA4
GO_Biological_Process_2023,Synapse Organization (GO:0050808),1/131,0.0819059960266386,0.1016622161737675,0,0,12.728846153846154,31.849903464460027,PTPRF
GO_Biological_Process_2023,Protein Localization To Organelle (GO:0033365),1/137,0.0855047253614574,0.1055983358213999,0,0,12.163602941176473,29.91253332210957,LMNA
GO_Biological_Process_2023,Regulation Of Cold-Induced Thermogenesis (GO:0120161),1/146,0.0908784111279133,0.1116764554656448,0,0,11.403448275862068,27.3481237720878,SMARCA4
GO_Biological_Process_2023,Defense Response To Symbiont (GO:0140546),1/148,0.092068598352837,0.1125789296690631,0,0,11.24716553287982,26.826979305512165,STAT2
GO_Biological_Process_2023,Negative Regulation Of Protein Phosphorylation (GO:0001933),1/149,0.092663152456293,0.1127477766340117,0,0,11.170608108108109,26.57246805823029,EIF4G1
GO_Biological_Process_2023,Peptide Biosynthetic Process (GO:0043043),1/158,0.0979979899693764,0.1186544290315489,0,0,10.52547770700637,24.448667095484595,EIF4G1
GO_Biological_Process_2023,Membrane Organization (GO:0061024),1/167,0.1033038603938053,0.1244685537427801,0,0,9.950301204819278,22.587985061054304,LMNA
GO_Biological_Process_2023,Double-Strand Break Repair (GO:0006302),1/168,0.1038916197258381,0.1245690780207865,0,0,9.890219560878243,22.39548281310264,NSD2
GO_Biological_Process_2023,Cell-Cell Adhesion Via Plasma-Membrane Adhesion Molecules (GO:0098742),1/172,0.1062391026375432,0.1267683978332038,0,0,9.656920077972709,21.651423585597897,PTPRF
GO_Biological_Process_2023,Positive Regulation Of I-kappaB kinase/NF-kappaB Signaling (GO:0043123),1/175,0.1079959881971444,0.128245235984109,0,0,9.488984674329505,21.119265006332917,BRD4
GO_Biological_Process_2023,Macromolecule Biosynthetic Process (GO:0009059),1/183,0.1126654432275979,0.1331500692689793,0,0,9.068223443223443,19.79894724335249,EIF4G1
GO_Biological_Process_2023,Defense Response To Virus (GO:0051607),1/189,0.1161527159532597,0.1366177182878817,0,0,8.776152482269504,18.893734929477525,STAT2
GO_Biological_Process_2023,Regulation Of Signal Transduction (GO:0009966),1/193,0.1184705314381472,0.1380293455906715,0,0,8.59157986111111,18.326621928217683,ITGA3
GO_Biological_Process_2023,Regulation Of Cell Differentiation (GO:0045595),1/193,0.1184705314381472,0.1380293455906715,0,0,8.59157986111111,18.326621928217683,SMARCA4
GO_Biological_Process_2023,Positive Regulation Of Protein Metabolic Process (GO:0051247),1/196,0.1202052096349267,0.138741527008537,0,0,8.458119658119658,17.918990985475308,EIF4G1
GO_Biological_Process_2023,Endomembrane System Organization (GO:0010256),1/196,0.1202052096349267,0.138741527008537,0,0,8.458119658119658,17.918990985475308,LMNA
GO_Biological_Process_2023,Regulation Of Translation (GO:0006417),1/202,0.1236651170595264,0.1420710879707117,0,0,8.203150912106135,17.146045859502145,EIF4G1
GO_Biological_Process_2023,Negative Regulation Of Cell Differentiation (GO:0045596),1/207,0.1265387742543814,0.1446994316705195,0,0,8.002022653721683,16.5418332584129,SMARCA4
GO_Biological_Process_2023,Regulation Of Transcription By RNA Polymerase II (GO:0006357),3/2028,0.1380371000741984,0.1569395008754234,0,0,2.661037037037037,5.269472793055321,STAT2;BRD4;SMARCA4
GO_Biological_Process_2023,Chromatin Remodeling (GO:0006338),1/228,0.1385134056309405,0.1569395008754234,0,0,7.254038179148312,14.33969683173166,SMARCA4
GO_Biological_Process_2023,Regulation Of I-kappaB kinase/NF-kappaB Signaling (GO:0043122),1/232,0.1407770344266212,0.1586017051025683,0,0,7.126984126984127,13.973007974458849,BRD4
GO_Biological_Process_2023,Positive Regulation Of Developmental Process (GO:0051094),1/233,0.1413420831024722,0.1586017051025683,0,0,7.095905172413793,13.883650833851748,SMARCA4
GO_Biological_Process_2023,Translation (GO:0006412),1/234,0.1419067887759821,0.1586017051025683,0,0,7.065092989985694,13.795193564258874,EIF4G1
GO_Biological_Process_2023,Regulation Of Inflammatory Response (GO:0050727),1/240,0.1452878299014321,0.1615470157368023,0,0,6.885634588563459,13.282654014006903,BRD4
GO_Biological_Process_2023,Regulation Of Autophagy (GO:0010506),1/241,0.1458501397137932,0.1615470157368023,0,0,6.856597222222222,13.20015384088841,EIF4G1
GO_Biological_Process_2023,Positive Regulation Of DNA-binding Transcription Factor Activity (GO:0051091),1/246,0.1486565701634252,0.1639204144212769,0,0,6.714965986394557,12.79950767603578,SMARCA4
GO_Biological_Process_2023,Cellular Component Assembly (GO:0022607),1/260,0.1564693578238107,0.1717685839221388,0,0,6.347490347490347,11.77392864653755,SLC2A1
GO_Biological_Process_2023,Regulation Of Protein Phosphorylation (GO:0001932),1/265,0.1592435617787967,0.1738764562018189,0,0,6.225694444444445,11.43859549247126,STAT2
GO_Biological_Process_2023,Positive Regulation Of Signal Transduction (GO:0009967),1/266,0.1597973909223194,0.1738764562018189,0,0,6.201886792452831,11.373321243798689,SMARCA4
GO_Biological_Process_2023,Chromatin Organization (GO:0006325),1/268,0.1609040390836522,0.1743127090072899,0,0,6.154806491885144,11.244506008237057,SMARCA4
GO_Biological_Process_2023,Central Nervous System Development (GO:0007417),1/283,0.169161112719078,0.1816643253983142,0,0,5.822990543735225,10.346893375208618,SLC2A1
GO_Biological_Process_2023,Positive Regulation Of Cell Differentiation (GO:0045597),1/283,0.169161112719078,0.1816643253983142,0,0,5.822990543735225,10.346893375208618,SMARCA4
GO_Biological_Process_2023,DNA Repair (GO:0006281),1/291,0.1735341543097132,0.1855538359935029,0,0,5.660057471264368,9.912916232003305,NSD2
GO_Biological_Process_2023,Gene Expression (GO:0010467),1/296,0.1762565056569071,0.1876524004192071,0,0,5.562711864406779,9.65583828573564,EIF4G1
GO_Biological_Process_2023,Protein-Containing Complex Assembly (GO:0065003),1/328,0.1934844739394939,0.2051101504852146,0,0,5.0101936799184505,8.229533749430374,SLC2A1
GO_Biological_Process_2023,Positive Regulation Of Macromolecule Metabolic Process (GO:0010604),1/364,0.2124680388111519,0.2242718187451048,0,0,4.505050505050505,6.978159732887252,EIF4G1
GO_Biological_Process_2023,Positive Regulation Of Protein Phosphorylation (GO:0001934),1/377,0.2192212308979858,0.2304155065183085,0,0,4.346409574468085,6.596432249537418,EIF4G1
GO_Biological_Process_2023,Negative Regulation Of Cell Population Proliferation (GO:0008285),1/379,0.2202554261187902,0.2305215688616152,0,0,4.322971781305115,6.540515282377034,LMNA
GO_Biological_Process_2023,Positive Regulation Of Multicellular Organismal Process (GO:0051240),1/387,0.2243795749496159,0.2338470675635237,0,0,4.231649395509499,6.3238451139999245,SMARCA4
GO_Biological_Process_2023,Nervous System Development (GO:0007399),1/433,0.2477052860587265,0.2565132182759495,0,0,3.772183641975309,5.264141126537961,SLC2A1
GO_Biological_Process_2023,Regulation Of Cell Migration (GO:0030334),1/434,0.2482050978459592,0.2565132182759495,0,0,3.7632794457274823,5.24412940769216,LMNA
GO_Biological_Process_2023,Regulation Of Nucleic Acid-Templated Transcription (GO:1903506),1/452,0.2571494589092296,0.2646496514607488,0,0,3.609756097560976,4.902401854149645,NSD2
GO_Biological_Process_2023,Negative Regulation Of Nucleic Acid-Templated Transcription (GO:1903507),1/456,0.2591237077613503,0.2655749204027117,0,0,3.577289377289377,4.83094934909612,SMARCA4
GO_Biological_Process_2023,Positive Regulation Of Gene Expression (GO:0010628),1/480,0.2708678514241136,0.2764642946353556,0,0,3.3938761308281142,4.432823780743419,SMARCA4
GO_Biological_Process_2023,Positive Regulation Of Cell Population Proliferation (GO:0008284),1/483,0.2723237241106384,0.2768064191577271,0,0,3.3722337482710927,4.386479443917246,SMARCA4
GO_Biological_Process_2023,Positive Regulation Of Intracellular Signal Transduction (GO:1902533),1/525,0.2924261996361268,0.2960216037300136,0,0,3.095260814249364,3.805756122110538,BRD4
GO_Biological_Process_2023,Negative Regulation Of Transcription By RNA Polymerase II (GO:0000122),1/763,0.396984123486725,0.4002248102090656,0,0,2.102471566054243,1.942387258174424,SMARCA4
GO_Biological_Process_2023,Negative Regulation Of DNA-templated Transcription (GO:0045892),1/1025,0.4954754717702091,0.4974895997042344,0,0,1.543212890625,1.0837018518089712,SMARCA4
GO_Biological_Process_2023,Regulation Of Gene Expression (GO:0010468),1/1127,0.5296277202698788,0.5296277202698788,0,0,1.3958703374777974,0.8871885725994706,NSD2
